{
  "channel_0":"Hematoxylin",
  "channel_1":"DAB-chromogen",
  "channel_2":"Supplementary channel",
  "vector": [[0.66504073, 0.61772484, 0.41968665],
            [0.4100872, 0.5751321, 0.70785],
            [0.6241389, 0.53632, 0.56816506]],
  "thresh_0":30,
  "thresh_1":40,
  "hist_shift_0":5,
  "hist_shift_1":16,
  "hist_shift_2":0
}
